,originBikeStation,destBikeStation,uberTripTime,uberTripDistance,uberTripValue
0,88,14,780,1.25,£5-7
1,46,278,720,1.85,£6-8
2,169,330,360,0.88,£6-8
3,166,815,900,2.12,£9-11
4,613,666,360,0.95,£5-6
5,360,99,720,2.04,£9-11
6,573,720,540,1.41,£5-7
7,721,698,1020,2.45,£7-10
8,538,785,840,2.96,£7-10
9,135,226,1320,2.06,£7-10
10,668,667,540,1.35,£5-7
11,164,666,840,3.7,£10-13
12,708,678,300,0.35,£5-6
13,253,46,1320,2.76,£10-13
14,478,513,360,0.82,£5-6
15,12,18,480,1.09,£5-6
16,404,191,360,1.37,£5-6
17,194,541,1680,3.15,£9-13
18,374,546,1200,1.77,£7-9
19,282,12,2280,4.85,£13-17
20,32,107,480,0.83,£5-6
21,506,33,540,0.6,£5-6
22,351,215,420,1.05,£5-6
23,703,173,540,1.39,£5-7
24,448,552,900,2.17,£6-9
25,14,135,540,1.47,£5-7
26,14,154,1560,3.08,£9-12
27,372,193,780,1.49,£5-8
28,36,303,300,1.2,£5-6
29,169,248,360,0.93,£6-8
30,345,683,600,1.81,£5-8
31,111,187,900,2.71,£10-14
32,388,12,1020,1.36,£6-8
33,7,759,300,0.91,£7-8
34,104,66,1260,2.22,£7-10
35,14,372,960,1.5,£6-8
36,350,107,2340,4.4,£12-17
37,587,305,1080,2.42,£7-10
38,486,565,300,0.58,£5-6
39,154,68,1200,1.93,£7-9
40,88,14,780,1.25,£5-7
41,319,104,1020,1.83,£6-9
42,85,421,840,1.72,£6-8
43,55,202,960,1.03,£5-7
44,436,503,1500,3.11,£9-12
45,405,584,540,1.46,£5-7
46,381,47,960,2.75,£7-10
47,239,109,1200,1.99,£7-10
48,789,785,240,0.22,£5-6
49,780,178,1080,2.46,£7-10
50,193,335,1020,1.35,£6-8
51,98,141,540,1.25,£5-7
52,755,216,240,0.49,£5-6
53,288,290,960,2.88,£9-12
54,717,531,840,2.17,£10-13
55,319,340,540,1.12,£5-6
56,239,110,960,2.36,£7-9
57,354,287,900,1.96,£6-9
58,71,509,480,0.76,£5-6
59,332,581,1620,4.13,£10-14
60,135,154,1260,2.63,£8-11
61,278,102,780,0.95,£5-7
62,151,671,1440,3.98,£10-13
63,133,2,240,0.37,£5-6
64,593,372,780,1.72,£6-8
65,616,157,840,2.13,£6-9
66,240,579,780,1.12,£5-7
67,174,272,420,1.01,£5-6
68,800,432,900,1.92,£6-9
69,150,289,600,1.4,£7-9
70,464,480,300,0.64,£5-6
71,736,2,660,1.62,£5-7
72,664,356,1080,2.11,£7-9
73,321,801,480,1.14,£5-6
74,513,273,1500,4.02,£10-13
75,735,773,2520,6.04,£15-20
76,722,748,660,1.96,£6-8
77,117,17,1620,3.1,£9-12
78,55,197,900,1.9,£6-8
79,191,300,420,1.2,£5-6
80,774,610,1020,2.05,£7-9
81,116,226,720,0.74,£5-6
82,226,558,720,1.44,£5-7
83,809,534,1320,3.41,£9-12
84,75,786,2040,5.84,£13-18
85,27,341,900,1.18,£5-7
86,500,719,660,2.17,£6-8
87,620,186,1380,4.61,£10-14
88,568,165,240,0.32,£5-6
89,717,695,540,1.69,£5-7
90,546,347,900,2.29,£7-9
91,374,190,780,1.84,£6-8
92,393,87,1140,1.6,£6-9
93,498,32,1080,3.06,£8-11
94,478,564,1500,3.88,£10-13
95,248,356,600,0.96,£5-6
96,333,103,360,0.43,£5-6
97,762,383,1080,1.34,£6-8
98,517,531,180,0.46,£5-6
99,218,638,780,2.29,£6-9
100,540,19,480,0.86,£5-6
101,479,116,2820,4.3,£13-18
102,214,65,240,0.23,£5-6
103,248,527,900,2.51,£7-9
104,215,107,360,0.84,£5-6
105,124,541,540,1.36,£5-7
106,547,551,240,0.74,£5-6
107,602,764,600,1.78,£5-8
108,737,143,840,2.22,£6-9
109,411,331,2040,3.35,£10-14
110,663,535,1140,4.12,£9-13
111,93,101,1500,2.2,£8-11
112,584,150,720,2.2,£6-8
113,361,251,1860,3.39,£10-14
114,215,71,420,0.7,£5-6
115,737,618,240,0.34,£5-6
116,729,671,240,0.44,£5-6
117,126,101,360,0.63,£5-6
118,124,732,1920,3.81,£11-14
119,460,492,300,0.7,£5-6
120,535,457,360,0.62,£5-6
121,737,615,540,1.4,£5-7
122,87,132,540,1.09,£5-6
123,638,688,780,2.33,£6-9
124,762,354,720,0.79,£5-6
125,146,651,840,2.59,£7-9
126,793,513,2220,3.77,£11-15
127,720,2,840,2.05,£6-9
128,190,193,1140,2.49,£7-10
129,731,781,900,2.26,£7-9
130,70,319,900,1.47,£6-8
131,726,177,720,2.26,£6-9
132,699,254,900,2.85,£7-10
133,794,308,1140,3.06,£8-11
134,197,82,1020,1.61,£6-9
135,202,236,420,0.91,£5-6
136,335,135,960,2,£6-9
137,780,267,960,2.89,£7-10
138,77,159,1020,1.62,£6-8
139,666,293,240,0.23,£5-6
140,80,820,600,1.31,£5-7
141,534,480,900,2.42,£7-9
142,256,27,420,0.43,£5-6
143,180,396,420,0.76,£5-6
144,392,128,240,0.55,£5-6
145,199,27,840,1.29,£5-8
146,310,270,240,0.65,£5-6
147,507,32,660,1.43,£5-7
148,295,321,360,0.89,£5-6
149,573,373,480,1.44,£5-7
150,254,228,1920,3,£10-13
151,39,78,720,1.12,£5-7
152,652,736,240,0.51,£5-6
153,639,430,780,1.64,£6-8
154,138,191,300,0.79,£5-6
155,220,53,1080,2.19,£7-10
156,588,71,900,1.66,£6-8
157,574,64,1680,3.81,£10-14
158,362,34,300,0.76,£5-6
159,358,102,1560,2.81,£9-12
160,443,570,660,2.48,£6-9
161,12,593,720,1.26,£5-7
162,38,681,840,2.6,£7-10
163,524,248,600,0.92,£5-6
164,515,667,300,0.81,£5-6
165,111,733,240,0.55,£5-6
166,395,356,360,0.84,£5-6
167,478,458,720,1.92,£6-8
168,14,141,1200,1.97,£7-10
169,729,737,360,0.94,£5-6
170,615,671,300,0.9,£5-6
171,288,191,360,1.17,£5-6
172,613,634,300,0.83,£5-6
173,17,71,540,1.24,£5-6
174,66,263,840,1.39,£5-8
175,389,395,1020,1.77,£6-9
176,719,326,840,2.49,£7-9
177,136,278,840,1.25,£5-7
178,108,27,1140,1.89,£7-9
179,374,15,1020,2.11,£7-9
180,325,583,720,1.02,£5-7
181,224,105,240,0.15,£5-6
182,290,228,1440,2.82,£8-12
183,242,227,960,1.95,£6-9
184,213,333,1020,2.51,£7-10
185,130,134,300,0.62,£5-6
186,459,553,480,1.69,£5-7
187,92,125,360,0.32,£5-6
188,795,363,900,2.63,£7-10
189,392,158,780,1.62,£6-8
190,244,192,840,0.7,£5-6
191,75,126,480,1.17,£5-6
192,335,14,1380,2.77,£8-11
193,485,399,720,1.78,£6-8
194,136,154,840,1.81,£6-8
195,222,404,660,1.6,£5-7
196,211,605,1140,2.36,£7-10
197,789,785,240,0.22,£5-6
198,122,374,1800,3.36,£10-13
199,480,33,780,1.81,£6-8
200,356,207,660,1.3,£5-7
201,321,603,900,2.69,£7-10
202,589,737,540,1.34,£5-7
203,187,99,1020,2.48,£7-10
204,250,84,1800,3.46,£10-14
205,817,710,540,1.51,£5-7
206,340,200,840,1.29,£5-7
207,132,98,1680,3.64,£10-13
208,7,456,420,1.24,£5-6
209,492,17,1680,3.86,£10-14
210,394,163,1320,4.02,£10-13
211,280,745,600,1.35,£5-7
212,601,428,1200,3.25,£8-11
213,551,556,300,0.42,£5-6
214,492,33,780,1.63,£6-8
215,84,104,1260,2.03,£7-10
216,191,248,540,1.44,£5-7
217,515,527,240,0.34,£5-6
218,457,234,840,2.46,£7-9
219,206,317,1200,2.67,£8-11
220,648,723,240,0.56,£5-6
221,671,729,240,0.44,£5-6
222,73,534,540,1.14,£5-6
223,427,54,420,0.86,£5-6
224,457,65,780,1.84,£6-8
225,98,81,540,0.84,£5-6
226,27,233,900,1.53,£6-8
227,612,664,360,1.16,£5-6
228,329,47,480,1.4,£5-6
229,695,33,1140,2.89,£8-11
230,785,812,300,1.02,£5-6
231,320,74,540,1.32,£5-7
232,389,662,1260,2.5,£8-10
233,189,579,960,2.02,£6-9
234,356,662,540,1.21,£5-6
235,24,465,1320,3.59,£9-12
236,509,115,900,1.41,£6-8
237,300,248,300,0.33,£5-6
238,190,291,300,0.55,£5-6
239,270,86,300,0.57,£5-6
240,702,132,300,0.63,£5-6
241,296,2,480,0.83,£5-6
242,664,432,840,2.18,£6-9
243,138,191,660,0.79,£5-6
244,806,14,660,1.28,£5-7
245,790,789,240,0.33,£5-6
246,499,719,720,2.29,£6-9
247,139,272,420,0.6,£5-6
248,167,832,1440,4.04,£10-13
249,14,66,780,1.6,£6-8
250,760,47,420,1.09,£5-6
251,510,453,420,1.59,£5-7
252,68,16,480,0.93,£5-6
253,666,172,960,2.38,£7-9
254,200,763,780,2.02,£6-8
255,9,154,660,1.49,£5-7
256,78,132,780,1.27,£5-7
257,89,26,240,0.23,£5-6
258,80,132,1860,3.14,£10-13
259,154,509,1260,3.33,£9-12
260,337,13,1740,3.45,£10-13
261,312,560,840,2.57,£7-9
262,48,214,900,2.4,£7-9
263,681,782,420,1.22,£5-6
264,146,680,720,2.21,£6-8
265,768,228,1560,4.6,£11-15
266,278,358,1320,3.32,£9-12
267,574,140,420,1.11,£5-6
268,174,61,1020,2.15,£7-9
269,360,190,360,0.74,£5-6
270,603,85,1140,2.94,£8-11
271,518,130,1440,2.92,£8-12
272,522,531,240,0.53,£5-6
273,646,361,960,1.92,£6-9
274,174,167,1440,2.86,£8-12
275,492,471,360,1.15,£5-6
276,639,150,900,2.41,£7-9
277,430,750,600,1.73,£5-7
278,312,646,1800,3.38,£10-13
279,4,306,780,1.5,£5-8
280,101,55,660,1.18,£5-7
281,568,378,720,2.02,£6-8
282,74,268,360,1.07,£5-6
283,14,295,1800,3.53,£10-14
284,200,445,420,0.87,£5-6
285,717,480,1140,3.18,£8-11
286,335,270,1080,2.28,£7-10
287,661,647,720,2.11,£6-8
288,249,810,420,0.79,£5-6
289,83,426,1020,1.83,£6-9
290,193,492,1740,4.8,£11-15
291,16,12,780,1.29,£5-7
292,573,664,540,1.65,£5-7
293,248,404,420,0.89,£5-6
294,692,459,240,0.75,£5-6
295,67,109,1560,1.87,£8-10
296,85,732,420,0.67,£5-6
297,350,307,480,1.06,£5-6
298,43,129,1020,1.66,£6-8
299,177,24,1500,3.34,£9-12
300,140,66,780,1.3,£5-7
301,174,1,900,1.84,£6-8
302,351,57,600,1.44,£5-7
303,368,110,1440,3.16,£9-12
304,427,265,2160,4.67,£12-16
305,57,12,780,1.41,£5-7
306,757,231,360,0.82,£5-6
307,735,675,240,0.69,£5-6
308,802,387,540,1.56,£5-7
309,251,565,420,1.02,£5-6
310,281,178,480,1.56,£5-7
311,514,647,1020,4.75,£10-13
312,138,303,600,1,£5-6
313,192,238,1320,3,£8-11
314,541,248,600,2.04,£6-8
315,230,579,660,1.03,£5-7
316,213,224,1140,2.57,£7-10
317,361,809,1200,1.48,£6-9
318,229,268,1200,1.82,£7-9
319,3,544,600,1.27,£5-7
320,14,125,1620,3.38,£9-13
321,553,463,300,0.59,£5-6
322,366,670,1560,3.91,£10-14
323,500,537,420,0.72,£5-6
324,251,58,360,0.52,£5-6
325,405,397,900,2.14,£6-9
326,503,470,540,1.61,£5-7
327,221,511,1860,4.92,£12-16
328,130,92,720,1.7,£6-8
329,51,260,1500,2.21,£8-11
330,257,815,2100,3.55,£11-15
331,521,785,480,1.82,£5-7
332,226,166,720,1.43,£5-7
333,105,643,300,0.9,£5-6
334,762,9,1200,2.62,£8-11
335,86,270,300,0.68,£5-6
336,503,444,360,0.46,£5-6
337,340,732,600,0.98,£5-6
338,209,292,300,0.59,£5-6
339,138,733,420,0.57,£5-6
340,279,427,2460,4.47,£13-17
341,331,223,1380,3.09,£9-12
342,626,681,300,1.26,£5-6
343,588,73,480,0.89,£5-6
344,757,312,1620,6.06,£12-17
345,657,373,900,2.43,£7-9
346,340,9,600,1.17,£5-7
347,779,123,1080,2.53,£7-10
348,420,625,1440,3.34,£9-12
349,298,27,1140,2.6,£7-10
350,428,161,780,2.42,£6-9
351,782,596,480,0.96,£5-6
352,641,190,480,1.23,£5-6
353,603,714,480,1.34,£5-6
354,54,336,900,2.26,£7-9
355,39,14,1080,2.66,£7-10
356,14,22,480,1.2,£5-6
357,800,616,1260,3.63,£9-12
358,100,340,1320,3.26,£9-12
359,517,520,360,1.17,£5-6
360,769,780,300,0.78,£5-6
361,373,290,1020,1.71,£6-9
362,243,130,1800,4.77,£11-16
363,792,217,1200,1.58,£6-9
364,393,32,780,1.5,£6-8
365,348,248,780,1.67,£6-8
366,14,6,1020,1.69,£6-9
367,747,333,1080,2.71,£8-10
368,131,70,480,1.16,£5-6
369,456,121,780,2.06,£6-8
370,24,318,1440,1.64,£7-10
371,633,727,420,1.33,£5-6
372,111,307,660,1.49,£5-7
373,779,483,780,1.35,£5-7
374,628,710,600,2.09,£6-8
375,268,294,240,0.7,£5-6
376,116,356,1440,2.33,£8-11
377,282,95,1020,2.33,£7-10
378,350,584,480,1.13,£5-6
379,196,826,1560,2.15,£8-11
380,639,381,2160,5.26,£13-17
381,50,465,300,0.9,£5-6
382,511,811,600,1.93,£6-8
383,621,672,300,1.15,£5-6
384,348,181,720,1.18,£5-7
385,57,235,1500,2.73,£8-12
386,160,800,1020,2.36,£7-10
387,807,6,1320,3.67,£9-12
388,599,644,240,0.19,£5-6
389,27,71,480,0.97,£5-6
390,761,707,300,0.87,£5-6
391,217,354,900,2.44,£7-9
392,826,424,300,0.57,£5-6
393,729,671,240,0.44,£5-6
394,218,161,600,1.65,£5-7
395,185,213,720,1.52,£5-7
396,19,695,960,1.94,£6-9
397,1,553,1320,3.3,£9-12
398,730,596,960,2.6,£7-10
399,730,687,660,1.43,£5-7
400,647,279,900,4.04,£9-12
401,193,347,600,1.08,£5-6
402,96,340,660,1.53,£5-7
403,531,109,2460,6.13,£14-20
404,50,358,1020,2.17,£7-9
405,811,215,1200,3.57,£9-12
406,647,289,1440,5.35,£11-15
407,235,341,1080,2.67,£7-10
408,568,303,900,2.5,£7-9
409,216,395,600,1.3,£5-7
410,453,71,1080,3.17,£8-11
411,298,803,720,1.57,£5-8
412,270,144,300,0.58,£5-6
413,72,374,1320,2.57,£8-11
414,314,488,1020,2.02,£7-9
415,115,536,900,1.76,£6-8
416,158,392,540,1.52,£5-7
417,272,832,1080,3.51,£8-11
418,632,165,1680,4.51,£11-15
419,217,154,1200,2.67,£8-11
420,190,221,240,0.43,£5-6
421,581,300,1140,1.95,£7-9
422,324,92,240,0.25,£5-6
423,229,236,1680,3.16,£9-13
424,355,320,540,1.61,£5-7
425,174,280,1440,4.39,£10-14
426,680,250,660,1.19,£5-7
427,447,547,420,1.84,£5-7
428,365,748,540,1.7,£5-7
429,54,341,1500,2.78,£8-12
430,177,185,300,0.96,£5-6
431,48,541,1260,2.31,£8-10
432,495,539,1080,3.89,£9-12
433,263,282,960,1.71,£6-8
434,721,783,300,0.68,£5-6
435,312,428,1200,3.57,£9-12
436,18,33,1500,3.04,£9-12
437,495,788,600,2.1,£6-8
438,58,251,360,0.5,£5-6
439,623,735,360,0.81,£5-6
440,86,583,480,1.02,£5-6
441,730,601,780,2.37,£6-9
442,48,797,1080,2.15,£7-9
443,431,25,540,1.09,£5-6
444,46,645,780,2.18,£6-9
445,94,457,2220,5.04,£13-17
446,31,340,600,1.31,£5-7
447,124,174,1440,2.45,£8-11
448,583,19,1740,2.53,£9-12
449,495,511,900,2.46,£7-9
450,815,217,1500,2.83,£9-12
451,294,309,1200,2.25,£7-10
452,613,634,240,0.83,£5-6
453,492,518,420,0.69,£5-6
454,796,71,780,1.83,£6-8
455,96,95,540,1.37,£5-7
456,305,440,240,0.35,£5-6
457,798,227,360,0.54,£5-6
458,479,553,360,0.85,£5-6
459,430,800,540,1.83,£5-7
460,498,542,480,1.44,£5-7
461,3,495,1560,4.34,£10-14
462,762,229,660,0.78,£5-6
463,9,762,1140,2.17,£7-10
464,733,428,480,1.29,£5-6
465,240,321,600,1.48,£5-7
466,48,564,300,0.9,£5-6
467,118,423,480,1.04,£5-6
468,52,154,1380,2.98,PK-£12
469,733,336,1440,2.23,£8-11
470,81,674,780,2.03,£6-8
471,48,564,300,0.9,£5-6
472,118,423,480,1.04,£5-6
473,52,154,1380,2.98,PK-£12
474,733,336,1440,2.23,£8-11
475,81,674,780,2.03,£6-8
476,132,251,300,0.45,£5-6
477,318,221,1140,1.83,£7-9
478,318,116,660,0.72,£5-6
479,94,237,1200,1.62,£6-9
480,774,737,360,1.11,£5-6
481,614,794,840,1.9,£6-8
482,134,703,960,2.72,£7-10
483,737,584,1380,3.19,£9-12
484,107,254,360,1.04,£5-6
485,42,779,900,1.73,£6-8
486,220,288,600,1.08,£5-6
487,615,682,360,1.37,£5-6
488,765,753,720,2.49,£6-9
489,324,94,360,1.08,£5-6
490,470,487,720,2.96,£7-10
491,356,428,360,0.48,£5-6
492,500,530,780,3.03,£7-10
493,264,717,960,2.61,£7-10
494,382,201,960,1.39,£6-8
495,300,213,840,1.38,£5-8
496,605,159,960,1.72,£6-8
497,57,227,360,0.87,£5-6
498,85,411,720,1.47,£5-7
499,764,676,780,2.35,£6-9
500,518,32,1140,2.33,£7-10
501,358,77,720,1.18,£5-7
502,365,572,1020,2.58,£7-10
503,136,118,1200,2.82,£8-11
504,73,588,300,0.64,£5-6
505,553,496,1020,3.56,£8-11
506,512,42,720,1.85,£6-8
507,134,458,240,0.6,£5-6
508,770,634,240,0.48,£5-6
509,64,256,540,0.86,£5-6
510,340,195,600,1.21,£5-7
511,359,138,960,2.21,£7-9
512,101,66,540,1.2,£5-6
513,762,646,300,0.47,£5-6
514,568,315,960,2.16,£7-9
515,404,524,480,1.24,£5-6
516,437,305,300,0.47,£5-6
517,300,432,360,0.6,£5-6
518,419,587,2160,4.38,£12-16
519,87,491,840,1.91,£6-8
520,332,378,420,1.02,£5-6
521,489,335,1080,3.17,£8-11
522,218,171,360,1.08,£5-6
523,81,56,600,0.73,£5-6
524,673,218,600,2.12,£6-8
525,128,333,600,1.33,£5-7
526,18,101,1020,2.09,£7-9
527,445,450,660,1.02,£5-7
528,786,785,360,1.2,£5-6
529,140,427,540,0.72,£5-6
530,432,290,960,2.08,£6-9
531,829,126,1860,4.97,£12-16
532,588,54,480,1.08,£5-6
533,338,645,720,1.89,£6-8
534,475,476,360,1.49,£5-6
535,282,702,540,1,£5-6
536,755,161,600,1.98,£6-8
537,121,116,780,1.12,£5-7
538,121,381,720,1.21,£5-7
539,732,310,900,2.14,£6-9
540,452,712,780,2.3,£6-9
541,159,199,2340,3.36,£11-15
542,58,444,540,1.34,£5-7
543,508,14,1020,2.9,£8-10
544,71,123,540,1.17,£5-6
545,260,301,660,0.81,£5-6
546,572,581,660,2.05,£6-8
547,521,692,360,0.93,£5-6
548,478,102,840,1.57,£6-8
549,376,57,1200,2.97,£8-11
550,659,245,780,2.67,£7-9
551,28,6,420,0.51,£5-6
552,549,192,1500,2.19,£8-11
553,638,216,840,2.1,£6-9
554,354,252,660,1.38,£5-7
555,811,547,420,1.83,£5-7
556,187,782,540,1.26,£5-7
557,693,724,420,1.7,£5-7
558,701,607,1080,2.89,£8-11
559,107,319,360,0.58,£5-6
560,532,570,300,0.15,£5-6
561,386,797,840,1.61,£6-8
562,424,309,900,2.12,£6-9
563,730,639,660,1.96,£6-8
564,170,314,1320,3.42,£9-12
565,85,275,1080,2.19,£7-10
566,133,2,240,0.37,£5-6
567,302,752,300,1.01,£5-6
568,202,217,420,0.86,£5-6
569,282,790,1320,4.01,£9-13
570,215,546,660,1.39,£5-7
571,609,764,360,0.6,£5-6
572,632,638,360,0.92,£5-6
573,411,321,660,1.53,£5-7
574,524,188,540,0.96,£5-6
575,378,428,240,0.53,£5-6
576,115,383,1440,3.56,£9-13
577,203,206,1080,2.54,£7-10
578,50,466,420,0.91,£5-6
579,524,213,720,1.82,£6-8
580,460,503,420,1.14,£5-6
581,195,508,1440,2.18,£8-11
582,737,101,2580,6.54,£15-20
583,14,279,1320,3.33,£9-12
584,104,252,900,2.28,£7-9
585,810,186,2280,5.17,£13-18
586,101,55,600,1.07,£5-6
587,428,191,360,1.07,£5-6
588,219,568,900,2.41,£7-9
589,15,795,780,1.19,£5-7
590,521,68,1440,3.81,£10-13
591,354,294,840,1.76,£6-8
592,1,630,1920,5.33,£12-17
593,612,251,2340,5.13,£13-18
594,681,219,720,2.41,£6-9
595,381,581,420,0.71,£5-6
596,31,506,660,1.14,£5-7
597,796,67,420,1.2,£5-6
598,258,222,360,1.08,£5-6
599,69,386,1020,1.74,£6-9
600,449,340,720,1.71,£5-8
601,132,491,720,1.96,£6-8
602,292,704,1740,4.57,£11-15
603,591,633,720,2.17,£6-8
604,105,591,780,3.39,£8-10
605,564,485,1620,4.14,£10-14
606,92,217,1080,1.65,£6-9
607,215,779,840,0.75,£5-7
608,17,14,600,1.09,£5-6
609,405,274,480,1.26,£5-6
610,481,473,840,2.07,£6-9
611,541,213,240,0.41,£5-6
612,213,111,420,0.81,£5-6
613,615,546,2580,8.41,£17-23
614,290,781,840,2.07,£6-9
615,446,445,300,0.74,£5-6
616,357,622,1500,5.24,£11-15
617,99,568,780,1.66,£6-8
618,140,57,780,1.87,£6-8
619,603,263,2040,4.07,£11-15
620,191,228,480,1.13,£5-6
621,107,492,1320,3.49,£9-12
622,459,718,480,1.62,£5-7
623,492,517,360,1.02,£5-6
624,65,239,420,0.24,£5-6
625,101,361,780,1.77,£6-8
626,751,232,420,0.48,£5-6
627,383,44,540,0.99,£5-6
628,64,68,960,1.17,£5-8
629,646,368,780,1.42,£5-7
630,698,485,540,1.54,£5-7
631,67,339,600,1.21,£5-7
632,93,12,900,2.44,£7-9
633,218,664,600,1.55,£5-7
634,737,244,2400,5.08,£13-18
635,340,159,1380,2.48,£8-11
636,572,17,1080,2.25,£7-10
637,372,14,720,1.73,£6-8
638,108,177,300,0.71,£5-6
639,809,361,720,1.77,£6-8
640,94,820,360,0.95,£5-6
641,49,540,780,1.86,£6-8
642,112,297,840,1.94,£6-8
643,569,101,900,2,£6-9
644,81,343,600,1.37,£5-7
645,300,15,1380,2.93,£8-11
646,91,272,360,0.57,£5-6
647,112,170,480,1.07,£5-6
648,458,217,780,1.89,£6-8
649,194,703,1080,1.84,£7-9
650,56,66,1380,2.8,£8-11
651,195,112,780,1.79,£6-8
652,157,670,1440,3.94,£10-13
653,154,12,1200,2.53,£8-10
654,465,229,1320,3.61,£9-12
655,763,119,1200,3.43,£9-12
656,508,308,900,2,£6-9
657,557,122,780,1.45,£5-7
658,695,256,1080,2.11,£7-9
659,517,478,480,1.32,£5-6
660,489,773,1020,2.68,£7-10
661,450,801,1080,2.93,£8-11
662,263,393,720,1.4,£5-7
663,564,130,1380,1.86,£7-10
664,421,85,540,1.69,£5-7
665,365,583,1500,3.58,£9-13
666,204,393,420,0.98,£5-6
667,98,109,840,1.6,£6-8
668,247,242,540,1.17,£5-6
669,150,274,600,1.89,£6-8
670,556,453,540,2,£5-8
671,80,273,720,2.1,£6-8
672,331,427,420,1.09,£5-6
673,218,430,240,0.28,£5-6
674,383,14,1020,1.91,£7-9
675,101,193,600,1.06,£5-6
676,108,340,2100,3.6,£11-15
677,336,597,2280,5.79,£14-19
678,592,18,2100,3.97,£11-15
679,52,102,780,1.71,£6-8
680,169,653,1560,4.33,£10-14
681,268,12,1440,2.83,£8-12
682,635,707,420,0.56,£5-6
683,335,239,1380,1.43,£7-9
684,578,486,300,0.57,£5-6
685,477,779,1320,4.4,£10-14
686,374,295,900,1.66,£6-8
687,119,52,300,0.51,£5-6
688,74,58,2040,4.58,£12-16
689,372,579,840,1.78,£6-8
690,403,303,660,1.44,£5-7
691,340,74,1500,3.53,£9-13
692,501,401,540,1.46,£5-7
693,680,190,660,2.28,£6-8
694,571,741,300,0.97,£5-6
695,664,612,420,1.14,£5-6
696,98,283,660,1.57,£5-7
697,790,786,300,0.84,£5-6
698,218,224,960,2.55,£7-10
699,428,133,480,0.86,£5-6
700,539,272,1620,3.32,£9-13
701,315,343,360,1.15,£5-6
702,254,24,600,1.48,£5-7
703,66,298,1020,2.31,£7-10
704,344,427,540,1.17,£5-6
705,795,813,1620,3.54,£10-13
706,288,191,420,1.17,£5-6
707,222,300,600,1.43,£5-7
708,150,638,1140,2.59,£7-10
709,229,354,60,0.03,£5-6
710,635,707,420,0.56,£5-6
711,480,530,540,1.41,£5-7
712,140,154,1260,2.72,£8-11
713,470,789,480,1.76,£5-7
714,4,71,780,2.17,£6-9
715,566,601,420,0.62,£5-6
716,263,536,840,1.83,£6-8
717,510,448,300,0.43,£5-6
718,430,597,780,1.93,£6-8
719,666,133,480,0.83,£5-6
720,16,365,780,1.44,£5-8
721,427,66,420,0.92,£5-6
722,191,248,540,1.44,£5-7
723,3,130,840,1.65,£6-8
724,319,517,1140,3.02,£8-11
725,707,655,300,0.95,£5-6
726,252,583,360,0.95,£5-6
727,803,264,1200,1.75,£7-9
728,278,698,1620,3.21,£9-13
729,754,330,780,2.06,£6-8
730,58,230,1260,2.19,£7-10
731,322,202,660,1.2,£5-7
732,14,594,780,1.87,£6-8
733,14,131,660,0.95,£5-6
734,133,159,1320,2.93,£8-11
735,609,596,900,2.69,£7-10
736,138,440,1320,3.25,£9-12
737,141,341,1500,1.42,£7-10
738,544,275,420,0.85,£5-6
739,273,781,1560,3.67,£10-13
740,581,109,1380,1.73,£7-10
741,88,102,1500,3.14,£9-12
742,374,101,1380,3.13,£9-12
743,158,191,900,2.81,£7-10
744,16,295,1560,3.32,£9-13
745,602,772,300,0.88,£5-6
746,403,238,540,1.24,£5-6
747,134,453,360,0.87,£5-6
748,695,703,780,1.74,£6-8
749,67,93,600,1.56,£5-7
750,194,578,1440,2.47,£8-11
751,685,615,600,1.78,£5-7
752,158,168,600,1.27,£5-7
753,16,182,1080,3.56,£8-12
754,668,599,720,1.6,£5-7
755,62,270,420,1.2,£5-6
756,549,194,660,1.33,£5-7
757,187,757,300,0.7,£5-6
758,115,240,900,2.18,£6-9
759,14,68,540,1.23,£5-6
760,457,246,1320,3.08,£8-12
761,703,809,480,0.92,£5-6
762,26,12,660,1.53,£5-7
763,380,99,600,1.09,£5-7
764,782,648,540,1.38,£5-7
765,785,39,1260,3.71,£9-12
766,819,803,840,2.22,£6-9
767,527,515,240,0.35,£5-6
768,815,387,300,0.71,£5-6
769,159,173,1440,2.49,£8-11
770,55,795,1380,2.97,£8-12
771,154,67,900,2.3,£7-9
772,27,55,720,1.4,£5-7
773,755,36,480,1.35,£5-6
774,351,326,300,0.28,£5-6
775,378,700,540,1.76,£5-7
776,78,58,660,1.14,£5-7
777,77,433,300,0.44,£5-6
778,424,265,1020,2.51,£7-10
779,129,71,1440,2.43,£8-11
780,222,18,1200,2.27,£7-10
781,101,509,600,0.94,£5-6
782,27,800,1560,4.06,£10-14
783,214,26,540,0.74,£5-6
784,249,374,660,1.17,£5-7
785,411,217,1200,2.13,£7-10
786,779,574,780,2.1,£6-9
787,203,154,840,1.93,£6-8
788,55,811,1380,3.74,£9-13
789,782,597,480,1.09,£5-6
790,489,104,420,0.79,£5-6
791,432,191,360,1.27,£5-6
792,421,162,720,1.58,£5-8
793,67,341,1260,1.83,£7-10
794,159,611,1800,3.32,£10-13
795,204,509,720,1.64,£6-8
796,626,248,1020,3.12,£8-11
797,331,136,720,1.32,£5-7
798,150,28,1320,3.17,£9-12
799,572,12,720,1.81,£6-8
800,132,521,840,2.01,£6-9
801,218,720,720,1.93,£6-8
802,42,126,660,1.25,£6-9
803,605,301,600,1.09,£5-6
804,579,374,840,1.82,£7-10
805,217,564,660,2.02,£6-8
806,73,501,840,2.01,£8-11
807,301,186,720,1.6,£5-7
808,117,270,300,0.82,£5-6
809,758,541,1200,3.53,£9-12
810,55,530,1800,4.14,£13-17
811,785,102,1620,4.17,£10-14
812,432,277,660,1.14,£5-7
813,680,817,660,1.78,£6-8
814,631,680,540,1.55,£5-7
815,31,810,1140,2.52,£10-13
816,51,14,720,1.29,£7-10
817,307,111,720,1.73,£6-8
818,114,797,780,1.55,£6-8
819,480,491,480,1.2,£5-6
820,133,621,1620,4.14,£10-14
821,383,5,1500,2.75,£9-12
822,432,626,900,1.78,£6-8
823,393,297,840,1.67,£6-8
824,2,378,480,1.12,£5-6
825,126,272,720,1.67,£7-9
826,621,688,600,1.33,£5-7
827,345,673,900,2.14,£6-9
828,324,282,1860,4.87,£12-16
829,537,107,720,1.79,£6-8
830,28,107,1320,2.68,£8-11
831,779,298,720,1.47,£5-7
832,88,545,960,1.99,£6-9
833,436,55,780,1.59,£6-8
834,436,249,960,2.36,£7-9
835,236,726,2460,6.39,£15-20
836,195,116,1260,2.53,£8-11
837,378,384,420,1.12,£5-6
838,553,505,1020,2.62,£7-10
839,202,101,720,1.57,£5-7
840,199,48,480,0.76,£5-6
841,133,714,1740,5.17,£12-16
842,138,524,600,1.4,£5-7
843,383,227,1260,2,£7-10
844,191,374,1140,2.28,£7-10
845,480,478,420,0.97,£5-6
846,348,318,780,0.77,£5-6
847,769,737,300,0.68,£5-6
848,678,688,180,0.57,£5-6
849,103,303,840,2.41,£7-9
850,722,512,420,0.91,£5-6
851,597,292,1200,2.77,£8-11
852,95,365,480,0.85,£6-7
853,236,492,1440,2.74,£8-11
854,97,626,660,1.66,£5-8
855,492,712,300,0.73,£5-6
856,197,51,1080,2.57,£7-10
857,458,229,1080,3.23,£8-11
858,307,191,720,2.2,£6-8
859,203,190,1440,3.33,£12-16
860,723,701,480,1.34,£5-6
861,469,130,900,3.14,£8-10
862,76,271,300,1.15,£5-6
863,552,779,660,1.43,£5-7
864,251,272,1080,2.18,£7-10
865,218,288,660,1.3,£5-7
866,303,821,960,2.05,£7-9
867,230,197,300,0.4,£5-6
868,294,190,240,0.2,£5-6
869,657,660,600,2.06,£6-8
870,314,217,900,1.36,£6-8
871,393,197,780,1.15,£5-7
872,362,797,420,1.08,£5-6
873,194,193,300,0.37,£5-6
874,596,755,420,1.41,£5-6
875,326,553,840,2.35,£9-12
876,564,130,1800,1.86,£8-11
877,169,404,840,1.99,£6-9
878,308,364,1680,3.07,£9-13
879,323,449,840,2.16,£6-9
880,14,393,660,1.74,£6-8
881,229,202,1740,2.79,£9-12
882,662,723,720,1.88,£6-8
883,507,32,540,1.43,£5-7
884,754,157,720,1.98,£6-8
885,427,107,540,1.17,£5-6
886,356,216,360,0.67,£5-6
887,25,264,720,1.74,£6-8
888,492,496,480,1.31,£5-6
889,644,607,600,1.41,£5-7
890,14,108,1740,3.13,£9-13
891,384,150,480,1.16,£5-6
892,321,194,300,0.87,£5-6
893,652,571,720,1.72,£6-8
894,557,14,960,1.85,£6-9
895,112,54,420,0.9,£5-6
896,52,17,360,0.74,£5-6
897,702,732,1380,2.31,£8-11
898,119,42,360,0.41,£5-6
899,605,762,1140,2.56,£7-10
900,136,178,1380,3.37,£9-12
901,108,701,1320,3.22,£9-12
902,721,522,420,1.35,£5-6
903,119,75,360,0.93,£5-6
904,246,499,2280,4.35,£12-16
905,299,732,1500,3.02,£9-12
906,298,612,1740,4.63,£11-15
907,95,324,960,2.08,£6-9
908,378,292,300,0.88,£5-6
909,607,780,540,1.51,£5-7
910,165,111,720,1.79,£6-8
911,552,469,840,2.46,£7-9
912,760,394,360,0.8,£5-6
913,323,702,420,1.06,£5-6
914,180,167,720,1.83,£6-8
915,548,272,420,0.45,£5-6
916,348,64,960,1.77,£6-9
917,815,440,540,1.62,£5-7
918,748,785,1440,3.77,£10-13
919,278,112,1320,2.11,£7-10
920,126,154,840,2.01,£6-8
921,271,456,360,0.66,£5-6
922,500,564,1440,3.46,£9-12
923,756,190,720,1.93,£6-8
924,39,531,780,1.95,£6-8
925,782,392,840,1.74,£6-8
926,161,350,840,2.17,£6-9
927,181,541,480,1.3,£5-6
928,96,236,540,1.05,£5-6
929,174,64,480,1.01,£5-6
930,388,361,960,2.31,£7-9
931,664,376,720,2.2,£6-8
932,577,236,900,1.76,£6-8
933,124,781,720,1.55,£5-7
934,32,112,720,1.9,£6-8
935,236,715,660,1.47,£5-7
936,580,143,1680,3.65,£10-13
937,121,354,1560,2.86,£9-12
938,656,607,300,0.65,£5-6
939,127,25,1080,2.44,£7-10
940,68,55,840,1.95,£6-8
941,441,272,300,0.48,£5-6
942,95,154,900,2.1,£6-9
943,319,71,540,1.26,£5-6
944,662,163,360,0.81,£5-6
945,325,256,480,1.04,£5-6
946,60,70,1260,2.95,£8-11
947,737,430,600,1.38,£5-7
948,321,817,1560,3.44,£9-13
949,178,270,480,0.99,£5-6
950,107,452,1200,2.49,£7-10
951,6,53,840,1.12,£5-7
952,340,195,600,1.38,£5-7
953,584,760,840,1.97,£6-9
954,571,442,420,1.02,£5-6
955,558,320,360,0.75,£5-6
956,286,759,240,0.52,£5-6
957,715,553,900,1.93,£6-9
958,135,240,780,1.83,£6-8
959,397,248,480,0.97,£5-6
960,717,695,540,1.69,£5-7
961,657,780,1320,3.36,£9-12
962,748,127,840,2.22,£6-9
963,159,324,1620,2.78,£9-12
964,294,167,420,0.71,£5-6
965,773,109,1020,1.78,£6-9
966,620,211,660,2.17,£6-8
967,186,47,480,1.2,£5-6
968,489,46,540,0.6,£5-6
969,361,183,840,2.38,£7-9
970,246,101,480,1.11,£5-6
971,101,66,480,1.12,£5-6
972,533,718,420,1.01,£5-6
973,32,251,360,0.81,£5-6
974,581,674,1140,2.2,£7-10
975,321,732,420,0.7,£5-6
976,28,361,1620,3.43,£10-13
977,792,427,840,1.08,£5-7
978,87,503,900,1.66,£6-8
979,495,491,420,1.06,£5-6
980,506,75,900,2.25,£7-9
981,97,633,780,1.78,£6-8
982,93,697,420,0.66,£5-6
983,322,215,420,1.18,£5-6
984,194,197,540,0.92,£5-6
985,63,512,600,1.83,£5-7
986,81,373,1560,3.29,£9-13
987,374,326,1320,3.41,£9-12
988,503,32,780,1.84,£6-8
989,443,491,480,1.19,£5-6
990,243,250,540,1.2,£5-6
991,109,224,1620,3.23,£9-13
992,119,42,360,0.41,£5-6
993,187,541,900,2.39,£7-9
994,640,376,720,2.48,£6-9
995,363,804,1140,2.87,£8-11
996,207,617,1740,3.85,£12-17
997,229,74,900,2.46,£7-9
998,93,65,720,1.89,£6-8
999,57,14,480,0.85,£5-6
1000,69,254,780,1.61,£6-8
1001,154,448,2520,6.23,£15-20
1002,73,533,360,0.89,£5-6
1003,488,443,420,0.79,£5-6
1004,112,762,900,2.18,£7-9
1005,734,780,600,1.88,£5-8
1006,412,135,1620,3.7,£10-13
1007,553,578,360,1.02,£5-6
1008,13,310,1560,3.58,£10-13
1009,323,108,1320,3.54,£9-12
1010,132,788,1560,3.77,£10-13
1011,270,324,900,1.84,£6-8
1012,430,216,240,0.39,£5-6
1013,268,280,540,1.08,£5-6
1014,653,620,240,0.49,£5-6
1015,508,122,240,0.35,£5-6
1016,595,300,1080,2.44,£7-10
1017,109,15,540,0.62,£5-6
1018,14,345,2460,4.97,£13-18
1019,123,233,1380,3.31,£9-12
1020,331,446,840,2.08,£6-9
1021,772,624,240,0.67,£5-6
1022,395,314,2040,4.42,£12-16
1023,112,154,840,1.97,£6-8
1024,264,42,420,1.02,£5-6
1025,465,55,540,1.67,£5-7
1026,132,452,960,1.68,£6-8
1027,746,158,540,1.41,£5-7
1028,38,157,240,0.36,£5-6
1029,511,499,900,1.92,£6-9
1030,626,753,720,1.91,£6-8
1031,154,605,2100,3.74,£11-15
1032,67,4,720,1.39,£5-7
1033,489,213,1860,4.78,£12-16
1034,492,460,420,1.06,£5-6
1035,424,129,1200,2.27,£7-10
1036,427,58,660,1.22,£5-7
1037,392,405,240,0.55,£5-6
1038,27,199,840,1.44,£5-8
1039,544,321,1320,2.89,£8-11
1040,368,348,720,1.39,£5-7
1041,542,521,780,1.87,£6-8
1042,214,131,300,0.79,£5-6
1043,639,143,1140,2.79,£8-11
1044,758,191,960,2.98,£7-10
1045,4,131,480,1,£5-6
1046,587,85,960,1.46,£6-8
1047,807,228,1980,4.82,£12-16
1048,539,512,360,0.74,£5-6
1049,107,421,780,1.88,£6-8
1050,156,331,1560,2.53,£8-11
1051,282,719,1020,2.67,£7-10
1052,130,33,420,0.73,£5-6
1053,219,133,540,1.05,£5-6
1054,58,427,720,1.36,£5-7
1055,181,2,1140,2.34,£7-10
1056,12,227,660,1.2,£5-7
1057,222,186,840,2,£6-9
1058,113,182,1320,2.88,£8-11
1059,225,643,300,0.92,£5-6
1060,151,591,780,1.62,£6-8
1061,573,133,660,1.5,£5-7
1062,251,150,2160,5.59,£13-18
1063,399,115,900,1.64,£6-8
1064,805,392,960,2.57,£7-10
1065,281,44,1080,2.3,£7-10
1066,374,144,600,1.24,£5-7
1067,533,282,480,1.36,£5-7
1068,378,686,1260,2.9,£8-11
1069,281,290,1680,3.41,£10-13
1070,701,638,360,0.91,£5-6
1071,356,777,1140,3.22,£8-11
1072,19,462,660,1.55,£5-7
1073,223,340,1200,2.45,£7-10
1074,374,246,1200,2.67,£8-11
1075,58,331,480,0.91,£5-6
1076,710,192,1740,4.25,£11-15
1077,229,412,840,2.04,£6-9
1078,14,270,1740,4.37,£11-15
1079,94,194,420,1.14,£5-6
1080,786,790,360,1.11,£5-6
1081,541,167,540,1.29,£5-7
1082,516,206,900,2.34,£7-9
1083,192,104,1740,3.61,£10-14
1084,609,623,540,1.17,£5-6
1085,27,527,2460,7.07,£15-21
1086,191,389,360,0.73,£5-6
1087,136,335,600,1.64,£6-9
1088,386,357,720,0.84,£5-6
1089,325,47,1680,3.83,£10-14
1090,296,113,420,0.59,£5-6
1091,25,17,840,1.71,£6-8
1092,251,322,360,0.7,£6-7
1093,428,216,360,0.92,£5-6
1094,295,199,1200,1.6,£6-9
1095,66,217,780,1.6,£6-8
1096,409,9,660,1.19,£5-7
1097,261,176,420,0.49,£5-6
1098,180,141,480,1.05,£5-6
1099,654,183,360,1.11,£5-6
1100,193,194,240,0.37,£5-6
1101,405,653,900,2.35,£7-9
1102,78,16,660,1.69,£5-8
1103,742,606,360,1.14,£5-6
1104,782,157,720,1.64,£5-8
1105,553,351,900,2.14,£6-9
1106,376,360,300,0.89,£5-6
1107,29,607,1680,4.18,£10-14
1108,46,85,900,1.39,£6-8
1109,820,813,720,2.11,£6-8
1110,68,701,2100,5.57,£13-18
1111,154,562,720,1.6,£5-8
1112,21,572,300,0.69,£5-6
1113,613,634,360,0.83,£5-6
1114,203,17,360,0.7,£5-6
1115,131,594,1140,1.57,£6-9
1116,247,98,540,1.71,£5-7
1117,640,345,660,2.11,£6-8
1118,793,104,1320,2.84,£8-11
1119,410,164,360,0.75,£5-6
1120,327,328,0,0.02,£5-6
1121,478,531,360,0.95,£5-6
1122,350,306,1560,3.01,£9-12
1123,602,219,1560,4.11,£10-14
1124,111,161,720,1.87,£6-8
1125,781,142,780,1.55,£5-8
1126,440,382,1560,3.7,£10-13
1127,358,101,1260,1.82,£7-10
1128,58,569,360,1.02,£5-6
1129,263,214,1440,2.95,£11-15
1130,286,341,1920,3.62,£10-14
1131,162,12,600,1.05,£5-6
1132,177,228,900,1.67,£6-8
1133,795,619,2400,6.8,£15-20
1134,68,374,900,2.21,£7-9
1135,695,264,300,0.82,£5-6
1136,154,85,1200,2.64,£8-11
1137,597,181,1620,3.36,£9-13
1138,7,28,600,2.07,£6-8
1139,452,195,840,2.06,£6-9
1140,496,102,1560,3.57,£10-13
1141,251,232,960,2.06,£9-12
1142,101,264,780,1.7,£7-10
1143,102,492,1500,2.62,£11-15
1144,182,456,720,2.18,£6-8
1145,465,135,540,1.79,$£5-7
1146,531,553,420,1.34,£5-6
1147,536,78,720,1.76,£6-8
1148,320,376,420,0.92,£5-6
1149,692,788,480,1.3,£5-6
1150,352,295,720,1.94,£6-8
1151,74,558,420,0.8,£5-6
1152,32,420,1080,2.38,£7-10
1153,436,22,360,0.44,£5-6
1154,457,26,840,2.05,£6-9
1155,157,595,660,1.3,£5-7
1156,154,91,540,0.95,£5-6
1157,820,625,1260,3.4,£9-12
1158,194,193,240,0.37,£5-6
1159,226,222,660,1.54,£5-7
1160,762,624,1080,2.47,£7-10
1161,562,361,780,2.13,£6-9
1162,194,197,540,0.92,£5-6
1163,57,107,540,1.28,£5-7
1164,14,5,2280,3.84,£11-16
1165,404,151,600,1.37,£5-7
1166,157,757,480,1.11,£5-6
1167,709,700,960,2.93,£7-10
1168,552,792,1260,3.05,£8-11
1169,57,14,480,0.81,£5-6
1170,633,599,300,1.01,£5-6
1171,534,695,960,2.37,£7-9
1172,695,448,2220,5.36,£13-18
1173,503,331,900,2.2,£7-9
1174,56,182,420,0.64,£5-6
1175,305,411,540,1.24,£5-6
1176,621,660,1380,3.59,£16-21
1177,541,128,780,2.39,£8-11
1178,253,31,240,0.44,£6-8
1179,421,95,900,1.62,£7-10
1180,129,177,1080,1.71,£6-9
1181,298,102,660,1.05,£7-9
1182,217,773,780,1.52,£7-9
1183,131,226,1380,2.28,£8-11
1184,688,607,480,1.07,£8-9
1185,194,101,600,0.83,£7-9
1186,113,395,660,1.5,£5-7
1187,251,553,780,1.92,£7-10
1188,178,395,420,1.03,£5-6
1189,125,156,300,0.56,£7-9
1190,154,809,840,1.51,£6-8
1191,154,41,1980,2.92,£10-13
1192,12,77,420,0.6,£5-6
1193,654,74,360,0.71,£5-6
1194,677,320,960,2.69,£7-10
1195,62,411,360,0.37,£5-6
1196,51,436,540,1.08,£7-8
1197,613,687,240,0.57,£5-6
1198,99,589,1440,3.19,£9-12
1199,350,244,1620,3.13,£9-13
1200,287,189,660,1.27,£5-7
1201,798,227,420,0.54,£5-6
1202,110,436,1500,4.42,£10-14
1203,334,374,360,0.85,£5-6
1204,89,703,600,1.34,£5-7
1205,255,56,660,1.72,£5-7
1206,397,541,960,2.37,£7-9
1207,584,29,300,0.2,£5-6
1208,807,110,840,2.12,£6-9
1209,39,234,840,1.89,£7-10
1210,290,781,960,2.3,£7-9
1211,166,356,480,1,£5-6
1212,695,465,540,1.56,£5-7
1213,67,574,900,1.71,£7-10
1214,62,104,1680,2.26,£8-11
1215,44,12,960,1.51,£6-8
1216,796,410,1320,2.32,£8-10
1217,341,104,1560,2.53,£8-11
1218,583,353,300,0.67,£6-8
1219,581,239,660,0.87,£5-6
1220,97,2,720,1.32,£5-7
1221,74,614,480,1.51,£5-7
1222,17,39,900,1.91,£8-11
1223,697,28,900,2.04,£6-9
1224,46,717,1260,2.62,£8-11
1225,199,583,1260,2.76,£11-15
1226,16,64,1200,2.23,£7-10
1227,620,378,660,1.89,£6-8
1228,306,260,360,0.66,£5-6
1229,470,763,480,1.25,£5-6
1230,638,780,720,2.12,£8-11
1231,653,181,960,2.98,£9-12
1232,631,658,480,1.21,£5-6
1233,755,292,540,1.24,£6-8
1234,593,339,240,0.49,£5-6
1235,711,649,600,1.9,£8-11
1236,356,584,900,1.93,£9-12
1237,755,405,360,0.79,£6-7
1238,479,486,360,0.51,£5-6
1239,481,473,540,1.99,£6-8
1240,596,770,900,1.6,£8-11
1241,446,513,540,1.07,£5-6
1242,692,77,1980,5.25,£12-17
1243,212,159,1680,3.5,£10-13
1244,500,565,420,0.62,£5-6
1245,766,813,1800,4.22,£18-23
1246,458,130,480,1.17,£5-6
1247,83,160,240,0.28,£5-6
1248,616,428,1140,2.85,£9-13
1249,449,202,480,0.95,£5-6
1250,115,272,1140,2.56,£7-10
1251,3,32,420,0.7,£6-8
1252,72,154,1020,2.07,£8-11
1253,190,604,2280,4.11,£12-16
1254,49,111,360,0.7,£6-8
1255,761,634,660,1.14,£7-9
1256,552,579,1200,2.14,£7-10
1257,452,200,540,1.11,£5-6
1258,213,64,840,1.37,£5-7
1259,111,191,300,0.77,£5-6
1260,293,350,600,1.49,£5-7
1261,128,673,1080,2.72,£10-13
1262,320,409,1200,2.59,£8-10
1263,212,596,1500,3.34,£9-12
1264,488,399,780,1.57,£6-8
1265,739,167,720,2.17,£7-10
1266,486,444,420,0.74,£5-6
1267,573,701,540,1.34,£6-8
1268,188,312,600,1.29,£5-7
1269,645,308,360,0.77,£5-6
1270,117,272,360,0.75,£5-6
1271,446,512,240,0.46,£5-6
1272,733,382,240,0.5,£5-6
1273,16,88,720,1.54,£5-8
1274,478,503,240,0.21,£5-6
1275,14,341,1440,2.28,£8-11
1276,32,574,600,1.07,£5-6
1277,770,739,900,2.12,£9-11
1278,679,118,1200,3.05,£12-15
1279,647,379,660,1.82,£6-8
1280,44,376,1320,2.91,£8-11
1281,141,562,1200,1.63,£7-9
1282,186,360,1320,2.68,£8-11
1283,734,673,300,0.72,£9-11
1284,40,22,900,1.91,£6-9
1285,233,141,780,1.28,£5-7
1286,99,431,1500,2.91,£9-12
1287,14,109,1260,2.19,£7-10
1288,589,405,300,0.6,£6-7
1289,410,121,660,1.54,£5-7
1290,539,3,660,1.34,£5-7
1291,480,798,2280,4.76,£12-17
1292,66,367,1440,3.16,£11-14
1293,248,191,480,1.33,£5-7
1294,229,233,360,0.45,£5-6
1295,780,618,360,0.6,£8-10
1296,177,109,1200,2.25,£7-10
1297,341,116,600,1.11,£5-7
1298,12,300,1740,3.67,£10-14
1299,533,578,300,0.75,£5-6
1300,815,333,1800,4.32,£11-15
1301,317,443,1620,2.91,£9-12
1302,162,14,840,1.37,£5-8
1303,806,54,1140,2.71,£8-11
1304,83,278,1740,3.17,£10-13
1305,446,718,300,0.62,£5-6
1306,112,194,720,1.65,£7-9
1307,349,366,360,0.41,£5-6
1308,229,139,720,1.56,£5-8
1309,653,341,1740,4.18,£16-21
1310,154,95,1380,2.7,£8-11
1311,101,202,840,1.53,£8-11
1312,336,427,1020,2.54,£7-10
1313,693,681,300,0.85,£7-9
1314,356,701,900,2.16,£9-12
1315,692,200,1320,3.52,£9-12
1316,392,541,780,2.3,£8-11
1317,358,541,960,1.43,£6-8
1318,539,14,1200,3.06,£8-11
1319,126,194,660,1.69,£7-10
1320,302,684,660,1.77,£8-10
1321,783,790,600,2.16,£6-8
1322,300,265,600,1.66,£5-7
1323,424,380,660,1.44,£5-7
1324,432,350,300,0.63,£7-9
1325,630,779,2340,4.93,£13-18
1326,160,91,960,1.87,£6-9
1327,779,467,1560,2.35,£8-11
1328,320,813,660,0.97,£5-6
1329,191,111,240,0.58,£5-6
1330,95,136,420,0.85,£6-7
1331,266,397,720,1.57,£7-9
1332,511,112,1380,3.09,£9-12
1333,719,33,1080,1.95,£7-9
1334,350,300,240,0.52,£5-6
1335,540,34,540,1.32,£6-8
1336,378,133,600,1.29,£7-9
1337,701,723,840,2.05,£9-13
1338,45,98,780,1.41,£5-8
1339,142,212,540,1.25,£5-7
1340,191,303,240,0.21,£5-6
1341,753,596,1140,2.67,£8-10
1342,604,45,900,2.45,£7-9
1343,94,387,900,2.26,£7-9
1344,401,88,1440,3,£9-12
1345,532,553,1380,3.93,£9-13
1346,15,163,2220,3.58,£11-15
1347,445,479,300,0.69,£5-6
1348,387,737,1680,3.88,£10-14
1349,286,34,960,2.63,£7-10
1350,658,756,240,0.36,£6-8
1351,440,233,1320,2.51,£8-11
1352,679,218,600,1.86,£8-10
1353,696,707,360,0.36,£7-9
1354,229,272,720,1.72,£7-9
1355,277,613,840,1.9,£6-8
1356,573,270,1260,3.16,£10-14
1357,40,593,1080,2.63,£7-10
1358,574,75,420,1.11,£5-6
1359,746,597,720,1.73,£7-9
1360,2,138,1140,2.93,£8-11
1361,270,132,2400,4.24,£12-17
1362,95,377,720,1.66,£8-11
1363,55,229,780,2.19,£8-11
1364,126,154,840,2.01,£9-12
1365,427,71,240,0.28,£7-9
1366,724,596,540,1.51,£9-11
1367,186,218,960,2.28,£7-9
1368,215,361,1140,2.62,£10-13
1369,234,123,300,0.46,£5-6
1370,587,115,480,1.04,£7-8
1371,518,460,540,0.93,£5-6
1372,303,397,960,1.96,£8-10
1373,225,404,300,0.94,£5-6
1374,362,107,1140,2.84,£8-11
1375,610,780,480,0.89,£6-7
1376,763,499,300,0.66,£5-6
1377,136,57,780,1.68,£8-11
1378,182,47,420,1.11,£5-6
1379,553,783,1020,2.49,£7-10
1380,724,808,1260,3.4,£15-20
1381,371,177,960,1.67,£6-8
1382,218,95,2400,4.93,£20-26
1383,781,222,540,1.5,£7-9
1384,658,564,1680,3.64,£14-19
1385,732,215,1200,1.17,£8-11
1386,221,152,1020,1.93,£8-11
1387,486,534,300,0.6,£5-6
1388,708,728,300,0.68,£6-7
1389,652,333,780,1.77,£6-8
1390,9,173,540,0.98,£6-7
1391,130,475,1440,3.09,£11-14
1392,68,393,420,0.97,£6-7
1393,283,69,840,1.58,£7-9
1394,15,109,960,0.99,£7-9
1395,182,647,1080,4.46,£9-13
1396,94,820,420,0.85,£5-6
1397,380,38,1140,2.55,£10-13
1398,14,194,1320,2.81,£10-13
1399,22,370,1740,3.51,£13-17
1400,807,60,720,2.16,£6-8
1401,539,569,240,0.54,£5-6
1402,222,350,600,1.5,£7-9
1403,275,119,360,0.58,£6-7
1404,177,296,1320,3.15,£11-15
1405,242,798,1200,2.18,£10-13
1406,75,436,600,1.53,£6-8
1407,424,174,1200,2.52,£9-12
1408,190,780,1080,2.94,£8-11
1409,474,586,240,0.59,£5-6
1410,39,95,540,1.18,£5-6
1411,596,185,1260,3.05,£11-15
1412,233,320,900,1.72,£8-11
1413,807,754,360,1.14,£5-6
1414,245,803,1560,3.48,£9-13
1415,37,700,660,2.27,£6-8
1416,5,607,1500,3.42,£13-18
1417,199,136,480,0.88,£7-8
1418,242,47,660,1.85,£7-10
1419,712,480,240,0.54,£5-6
1420,301,109,1080,1.48,£7-10
1421,549,85,900,2.01,£6-9
1422,107,792,900,1.78,£8-11
1423,614,252,1080,2.99,£8-11
1424,94,194,420,1.14,£5-6
1425,436,14,720,1.23,£7-9
1426,187,218,300,0.66,£6-7
1427,192,16,900,1.77,£7-10
1428,573,780,540,1.17,£6-7
1429,813,48,1320,2.88,£8-11
1430,610,688,1320,3.08,£11-15
1431,702,237,960,1.8,£6-9
1432,130,469,1380,3.05,£10-14
1433,717,719,540,1.45,£5-7
1434,446,521,360,0.93,£5-6
1435,233,587,1440,2.29,£10-14
1436,392,155,540,1.19,£6-8
1437,197,85,1020,2.15,£7-9
1438,499,467,360,0.89,£5-6
1439,395,619,1200,2.66,£12-16
1440,53,625,1320,3.15,£11-15
1441,331,107,240,0.66,£6-7
1442,797,436,720,1.38,£6-9
1443,574,340,900,1.54,£6-8
1444,216,292,480,1.02,£6-8
1445,664,714,600,1.59,£7-10
1446,138,6,660,1.09,£5-7
1447,109,14,1140,2.06,£8-11
1448,757,155,480,0.82,£5-6
1449,248,300,240,0.28,£5-6
1450,387,360,540,0.93,£6-7
1451,326,466,660,1.47,£5-7
1452,547,554,840,1.36,£5-8
1453,405,662,480,1.14,£6-7
1454,132,276,840,2.02,£6-9
1455,61,773,900,1.91,£6-9
1456,381,19,360,0.83,£6-8
1457,178,762,480,1.14,£5-6
1458,53,24,1500,1.91,£11-14
1459,290,335,2100,3.7,£11-15
1460,295,94,240,0.73,£6-8
1461,302,573,780,2.34,£6-9
1462,754,379,300,0.91,£5-6
1463,193,233,1260,2.52,£11-15
1464,302,527,1440,3.64,£9-13
1465,625,146,660,1.76,£8-11
1466,230,73,780,1.98,£6-8
1467,775,727,600,2.43,£6-8
1468,715,443,300,0.66,£5-6
1469,78,173,720,2.06,£6-8
1470,533,287,960,2.88,£7-10
1471,561,85,1080,3,£8-11
1472,566,168,540,2.09,£6-8
1473,264,321,1080,3.16,£8-11
1474,594,192,720,1.3,£5-7
1475,318,133,1260,3.32,£9-12
1476,579,92,540,1.53,£5-7
1477,486,534,180,0.6,£5-6
1478,15,795,420,1.19,£5-6
1479,427,664,1320,4.76,£10-14
1480,818,71,780,1.81,£6-8
1481,361,194,540,1.6,£5-7
1482,278,223,420,1.49,£5-7
1483,214,18,480,1.16,£5-6
1484,731,755,360,0.89,£5-6
1485,618,432,660,2.01,£6-8
1486,661,176,300,0.8,£5-6
1487,10,221,780,2.36,£6-9
1488,664,638,300,1.02,£5-6
1489,769,728,480,2.36,£6-8
1490,11,362,600,1.8,£5-8
1491,318,154,1020,2.04,£7-9
1492,668,774,660,2.89,£7-9
1493,217,427,300,0.58,£5-6
1494,633,686,240,0.73,£5-6
1495,30,557,480,1.47,£5-7
1496,459,783,240,0.84,£5-6
1497,156,374,480,1.51,£5-7
1498,743,633,600,2.75,£6-9
1499,587,443,540,1.78,£5-7
1500,66,433,360,0.81,£5-6
1501,244,804,900,1.98,£6-9
1502,748,553,420,1.33,£5-6
1503,388,273,720,1.36,£5-7
1504,341,404,720,2.93,£7-10
1505,248,224,540,1.43,£5-7
1506,695,444,900,3.16,£8-10
1507,84,46,960,2.62,£7-10
1508,501,433,1020,3.34,£8-11
1509,350,404,240,0.23,£5-6
1510,320,305,420,1.2,£5-6
1511,501,323,600,1.83,£5-7
1512,12,162,300,0.98,£5-6
1513,89,23,360,1.07,£5-6
1514,573,691,300,0.84,£5-6
1515,376,68,960,2.4,£7-10
1516,361,299,600,1.87,£5-8
1517,264,335,600,1.42,£5-7
1518,524,248,360,0.92,£5-6
1519,58,536,480,1.12,£5-6
1520,115,42,600,1.81,£5-7
1521,212,613,420,1.38,£5-6
1522,189,54,420,1.14,£5-6
1523,217,233,960,2.68,£7-10
1524,826,746,540,2.13,£6-8
1525,167,2,720,2.64,£7-9
1526,341,36,720,2.97,£7-10
1527,388,368,780,2.3,£6-9
1528,530,516,240,0.27,£5-6
1529,202,126,480,1.57,£5-7
1530,66,173,600,1.35,£5-7
1531,57,287,240,0.44,£5-6
1532,207,88,1020,2.53,£7-10
1533,667,775,240,0.42,£5-6
1534,48,795,900,2.52,£7-9
1535,362,19,420,1.2,£5-6
1536,12,16,360,0.67,£5-6
1537,284,376,480,1.55,£5-7
1538,142,733,660,2.8,£7-9
1539,169,292,600,2.1,£6-8
1540,255,47,240,0.24,£5-6
1541,761,639,240,0.62,£5-6
1542,655,392,660,2.55,£6-9
1543,58,697,840,2.41,£7-9
1544,514,6,360,0.64,£5-6
1545,264,54,420,0.95,£5-6
1546,217,351,540,1.64,£5-7
1547,14,389,1140,2.53,£7-10
1548,638,658,360,1.05,£5-6
1549,508,603,1260,4.23,£10-13
1550,366,148,600,2.14,£6-8
1551,132,466,360,0.89,£5-6
1552,343,394,420,1.73,£5-7
1553,105,307,240,0.72,£5-6
1554,622,663,300,0.84,£5-6
1555,766,660,900,3.72,£8-11
1556,235,130,840,2.41,£7-9
1557,593,41,780,2.42,£6-9
1558,29,113,480,1.39,£5-6
1559,728,99,1500,6.27,£12-17
1560,192,22,780,1.8,£6-8
1561,626,356,600,2.11,£6-8
1562,692,553,480,1.9,£5-7
1563,707,761,300,0.85,£5-6
1564,658,625,300,0.81,£5-6
1565,326,587,720,2.09,£6-8
1566,668,732,2100,8.52,£16-22
1567,212,333,240,0.46,£5-6
1568,392,128,240,0.55,£5-6
1569,403,116,840,1.18,£5-7
1570,386,104,1200,3.36,£9-12
1571,732,217,480,0.96,£5-6
1572,69,312,660,2.57,£6-9
1573,532,526,360,1.2,£5-6
1574,12,239,360,0.7,£5-6
1575,733,528,360,0.58,£5-6
1576,592,392,540,1.83,£5-7
1577,156,658,1080,4.38,£9-13
1578,230,295,360,0.83,£5-6
1579,101,275,420,1.14,£5-6
1580,132,495,900,3.34,£8-11
1581,37,680,660,2.38,£6-9
1582,579,93,720,2.12,£6-8
1583,139,74,360,1.13,£5-6
1584,339,31,480,1.48,£5-7
1585,639,177,1020,3.71,£8-12
1586,449,202,420,0.95,£5-6
1587,746,780,240,0.5,£5-6
1588,593,234,300,0.8,£5-6
1589,684,632,660,2.49,£6-9
1590,209,356,300,0.54,£5-6
1591,326,136,660,1.81,£5-8
1592,394,568,360,1.3,£5-6
1593,374,372,540,1.54,£5-7
1594,271,34,480,1.55,£5-7
1595,77,433,240,0.44,£5-6
1596,199,449,480,1.44,£5-7
1597,421,546,480,1.18,£5-6
1598,75,41,600,1.85,£5-7
1599,746,564,1140,4.2,£9-13
1600,305,440,240,0.57,£5-6
1601,466,251,480,1.14,£5-6
1602,645,270,540,1.99,£6-8
1603,208,43,300,0.76,£5-6
1604,522,553,480,1.88,£5-7
1605,374,479,1440,3.99,£10-13
1606,821,817,360,0.95,£5-6
1607,167,99,540,2.04,£6-8
1608,246,792,660,1.71,£5-7
1609,532,570,240,0.15,£5-6
1610,307,755,600,2.14,£6-8
1611,71,328,600,1.96,£7-9
1612,102,793,900,2.73,£7-10
1613,521,783,300,1.03,£5-6
1614,817,638,540,2.12,£6-8
1615,99,244,840,1.6,£6-8
1616,73,264,420,1.3,£5-6
1617,67,214,600,1.49,£5-7
1618,154,66,720,2.05,£6-8
1619,303,410,600,2.01,£6-8
1620,435,411,240,0.43,£5-6
1621,441,819,360,0.92,£5-6
1622,183,74,240,0.59,£5-6
1623,39,427,540,1.45,£5-7
1624,193,197,240,0.54,£5-6
1625,647,615,480,2,£5-8
1626,303,277,420,1.52,£5-7
1627,320,773,960,2.69,£7-10
1628,797,273,900,2.2,£7-9
1629,384,225,420,1.3,£5-6
1630,101,453,660,1.88,£6-8
1631,18,552,1200,3.45,£10-14
1632,766,608,900,3.87,£8-12
1633,811,453,360,1.59,£5-6
1634,200,553,720,2,£6-8
1635,111,213,300,0.77,£5-6
1636,154,239,1080,2.79,£8-10
1637,706,61,300,0.7,£5-6
1638,572,335,840,2.44,£7-9
1639,221,225,1020,3.92,£9-12
1640,623,684,360,1.31,£5-6
1641,472,41,960,2.88,£7-10
1642,340,270,900,3.13,£8-10
1643,234,465,480,1.55,£5-7
1644,768,673,420,1.58,£5-7
1645,645,197,360,0.9,£5-6
1646,677,505,2100,7.58,£15-21
1647,443,468,660,2.29,£6-8
1648,76,271,240,1.15,£5-6
1649,589,655,480,2.06,£5-8
1650,658,710,240,0.21,£5-6
1651,484,491,360,1.35,£5-6
1652,661,191,720,2.87,£7-9
1653,777,191,1020,4.08,£9-12
1654,14,127,960,2.49,£7-10
1655,646,177,300,0.4,£5-6
1656,14,395,1440,4.07,£10-13
1657,129,426,900,2.09,£6-9
1658,584,181,720,3.04,£7-10
1659,123,336,900,2.2,£6-9
1660,157,634,360,1.14,£5-6
1661,160,290,840,3.2,£7-10
1662,399,465,480,1.33,£5-6
1663,113,376,840,3.44,£8-11
1664,48,263,480,0.9,£5-6
1665,713,12,660,2.39,£6-9
1666,15,278,1080,2.92,£8-11
1667,546,224,1380,4.51,£12-17
1668,84,331,480,1.32,£5-6
1669,270,364,1140,3.13,£8-11
1670,71,347,660,2.01,£7-9
1671,821,800,240,0.26,£5-6
1672,19,557,660,1.81,£6-8
1673,592,584,300,0.61,£5-6
1674,691,672,540,2.43,£6-8
1675,664,750,240,0.45,£5-6
1676,748,50,300,0.89,£5-6
1677,160,403,720,1.96,£6-8
1678,278,481,1080,5.45,£11-14
1679,204,96,720,2.06,£6-8
1680,640,74,480,1.88,£5-7
1681,758,591,540,2.11,£6-8
1682,86,631,420,1.66,£5-7
1683,727,671,240,0.21,£5-6
1684,194,806,1200,3.35,£8-12
1685,200,32,540,1.22,£5-6
1686,374,206,1140,3.64,£9-12
1687,230,314,480,1.54,£5-7
1688,374,95,960,2.51,£7-10
1689,703,465,660,2.31,£8-11
1690,456,713,240,0.31,£5-6
1691,119,544,360,0.86,£5-6
1692,326,427,480,1.58,£5-7
1693,446,327,480,1.79,£5-7
1694,305,435,240,0.61,£5-6
1695,73,577,600,1.93,£6-8
1696,294,160,720,2.05,£6-8
1697,248,233,840,2.61,£7-9
1698,404,605,660,2.38,£6-9
1699,445,513,420,1.21,£5-6
1700,674,12,720,1.73,£6-8
1701,315,397,660,2.06,£6-8
1702,122,127,600,1.41,£5-7
1703,512,401,300,0.82,£5-6
1704,78,40,420,1.3,£5-6
1705,281,217,1080,3.14,£8-11
1706,708,723,420,2.31,£6-8
1707,795,572,420,1.15,£5-6
1708,376,583,240,0.41,£5-6
1709,244,193,960,2.31,£8-11
1710,712,427,1020,3.08,£8-11
1711,638,653,240,0.35,£5-6
1712,201,727,1260,6.36,£12-16
1713,539,115,720,2.08,£6-8
1714,101,297,660,1.72,£5-8
1715,293,652,360,1.3,£5-6
1716,13,802,1320,4.4,£10-14
1717,354,16,780,2.47,£7-9
1718,212,81,1020,3.07,£8-11
1719,291,294,240,0.35,£5-6
1720,374,32,1080,3.29,£8-11
1721,410,222,720,2.74,£7-9
1722,18,795,600,1.46,£6-8
1723,188,402,360,0.73,£5-6
1724,461,469,360,1.25,£5-6
1725,106,150,780,2.37,£6-9
1726,354,330,1080,3.49,£8-11
1727,411,321,540,1.53,£5-7
1728,243,541,540,1.58,£5-7
1729,381,826,900,2.46,£7-9
1730,810,32,900,2.19,£7-9
1731,47,340,1320,4.99,£11-14
1732,573,743,660,2.73,£7-9
1733,47,12,660,2.78,£7-9
1734,280,726,480,1.98,£5-7
1735,628,800,780,2.89,£7-10
1736,459,719,300,1.19,£5-6
1737,577,119,720,2.16,£6-8
1738,433,14,300,0.59,£5-6
1739,622,99,660,2.32,£6-9
1740,234,57,480,1.21,£5-6
1741,361,199,960,2.29,£7-9
1742,233,5,600,2.15,£6-8
1743,801,818,420,1.06,£5-6
1744,681,761,300,1.2,£5-6
1745,206,50,660,1.97,£6-8
1746,701,216,480,2.05,£5-8
1747,14,229,960,3.03,£8-10
1748,39,553,480,1.38,£5-6
1749,200,39,660,1.4,£5-7
1750,223,749,1440,4.53,£10-14
1751,57,14,360,0.81,£5-6
1752,524,266,480,1.6,£5-7
1753,46,488,300,0.72,£5-6
1754,552,421,900,3.05,£7-10
1755,633,150,660,2.51,£6-9
1756,603,217,1560,3.17,£9-12
1757,132,351,600,1.45,£5-7
1758,40,107,540,1.17,£5-6
1759,372,31,1020,2.6,£7-10
1760,154,177,660,2.01,£6-8
1761,309,229,240,0.3,£5-6
1762,782,37,300,0.98,£5-6
1763,112,374,900,2.02,£6-9
1764,152,594,1020,2.68,£7-10
1765,694,684,420,1.24,£5-6
1766,246,116,1320,2.21,£7-10
1767,553,789,900,2.98,£7-10
1768,653,350,900,2.84,£7-10
1769,335,14,960,2.38,£7-9
1770,469,401,1080,3.56,£8-12
1771,67,54,420,1.03,£5-6
1772,239,45,720,1.94,£6-8
1773,360,100,420,1.3,£5-6
1774,506,809,960,2.49,£7-10
1775,3,315,1440,3.93,£10-13
1776,401,41,420,0.89,£5-6
1777,187,665,960,3,£11-14
1778,702,574,720,1.72,£6-8
1779,536,23,1140,2.67,£8-10
1780,136,111,1320,3.66,£9-13
1781,185,638,900,2.64,£7-10
1782,148,756,720,2.37,£6-9
1783,695,204,420,1,£5-6
1784,214,13,480,0.76,£5-6
1785,14,174,840,2.11,£6-9
1786,737,769,300,0.53,£5-6
1787,701,653,240,0.6,£5-6
1788,58,569,420,1.02,£5-6
1789,457,462,240,0.51,£5-6
1790,792,152,600,1.32,£5-7
1791,340,411,960,1.77,£6-8
1792,350,307,360,1.06,£6-7
1793,541,581,720,1.36,£5-7
1794,692,202,1500,3.47,£9-13
1795,632,325,1440,4.34,£10-14
1796,564,199,840,1.6,£6-8
1797,353,480,1860,5.59,£15-20
1798,5,109,1200,2.45,£7-10
1799,405,157,300,0.89,£7-9
1800,248,172,660,1.36,£5-7
1801,531,1,1380,3.66,£9-13
1802,72,699,900,2.54,£7-9
1803,42,336,1020,2.91,£9-12
1804,432,389,720,2.01,£8-10
1805,319,55,420,1.04,£5-6
1806,227,372,660,1.33,£5-7
1807,75,54,480,0.98,£5-6
1808,261,307,240,0.51,£5-6
1809,217,54,420,1.07,£5-6
1810,689,711,780,2.92,£7-10
1811,748,553,420,1.35,£5-6
1812,386,340,1020,2.45,£7-10
1813,187,660,480,1.43,£7-9
1814,213,309,780,2.2,£6-9
1815,206,135,900,2.44,£7-9
1816,270,579,1140,3.08,£8-11
1817,607,709,300,0.5,£5-6
1818,46,130,420,0.53,£5-6
1819,301,88,600,1.06,£5-6
1820,194,803,300,0.29,£5-6
1821,393,798,720,1.42,£5-7
1822,513,485,600,1.43,£5-7
1823,28,14,540,1.16,£5-6
1824,620,5,540,1.75,£5-7
1825,758,53,1260,3.9,£9-13
1826,32,89,960,2.19,£7-9
1827,39,489,660,1.31,£5-7
1828,694,746,840,2.52,£7-9
1829,266,782,600,1.9,£8-11
1830,486,30,720,1.4,£5-7
1831,66,306,900,1.81,£6-8
1832,591,168,720,1.84,£6-8
1833,99,233,900,1.95,£6-9
1834,197,61,600,1.5,£5-7
1835,74,426,300,0.78,£5-6
1836,11,84,540,1.52,£5-7
1837,703,173,540,1.39,£5-7
1838,773,66,360,0.71,£5-6
1839,833,334,1320,3.83,£9-13
1840,755,187,240,0.62,£7-9
1841,80,383,1260,2.14,£7-10
1842,522,213,2100,6.73,£14-19
1843,354,587,900,1.96,£6-9
1844,541,368,360,1.06,£5-6
1845,360,268,300,0.69,£5-6
1846,244,98,480,0.83,£5-6
1847,2,307,480,1.26,£5-6
1848,17,792,600,1.27,£5-7
1849,524,364,1200,2.47,£8-10
1850,564,443,1380,2.92,£8-11
1851,626,378,600,1.53,£5-7
1852,465,123,540,1.56,£5-7
1853,32,749,600,1.65,£5-7
1854,404,368,480,1.18,£6-8
1855,291,146,360,0.55,£5-6
1856,608,571,600,1.65,£5-7
1857,758,457,1260,3.93,£9-13
1858,707,655,300,0.95,£5-6
1859,71,544,420,1.07,£5-6
1860,387,354,600,1.28,£5-7
1861,543,151,240,0.36,£5-6
1862,347,125,420,1.1,£5-6
1863,463,553,300,0.59,£5-6
1864,215,119,300,0.54,£5-6
1865,67,810,780,1.7,£6-8
1866,202,531,840,2.15,£6-9
1867,780,108,1140,3.27,£8-11
1868,341,209,780,2.31,£6-9
1869,157,631,1380,3.98,£13-17
1870,29,529,780,2.42,£6-9
1871,709,688,240,0.77,£5-6
1872,280,294,480,1.41,£6-8
1873,399,251,540,0.72,£5-6
1874,195,9,360,0.82,£5-6
1875,372,383,720,1.02,£5-7
1876,36,421,1440,4.58,£14-18
1877,93,122,1020,2.22,£7-9
1878,604,365,720,2.18,£6-8
1879,58,501,540,1.36,£5-7
1880,68,361,840,2.19,£6-9
1881,436,318,1020,1.67,£6-8
1882,19,34,600,1.18,£5-6
1883,733,649,960,2.61,£7-10
1884,769,639,480,1.36,£5-7
1885,30,174,900,2.17,£8-11
1886,711,626,180,0.54,£5-6
1887,737,220,720,1.88,£6-8
1888,486,718,420,1.15,£5-6
1889,360,583,300,0.75,£5-6
1890,497,228,2340,5.93,£14-19
1891,361,55,1140,2.93,£8-11
1892,37,680,780,2.38,£8-11
1893,739,103,780,2.16,£6-9
1894,105,307,300,0.72,£5-6
1895,298,732,420,1.02,£5-6
1896,685,735,540,1.78,£5-7
1897,262,31,1380,2.89,£8-11
1898,768,610,780,2.17,£6-9
1899,564,115,1080,2.28,£7-10
1900,485,326,960,2.77,£7-10
1901,225,373,480,1.4,£5-7
1902,330,289,780,1.9,£6-8
1903,11,602,1680,4.96,£11-15
1904,503,32,720,1.88,£6-8
1905,217,199,420,0.75,£5-6
1906,135,132,780,2.01,£6-8
1907,22,66,360,0.57,£5-6
1908,221,290,1140,3.28,£10-14
1909,264,319,420,1.08,£5-6
1910,216,428,300,0.92,£7-9
1911,298,762,1440,3.8,£10-13
1912,270,340,1380,3.37,£9-12
1913,92,427,720,1.56,£5-8
1914,162,541,720,1.69,£6-8
1915,769,731,240,0.46,£5-6
1916,712,492,360,0.86,£5-6
1917,701,133,1080,3.25,£8-11
1918,108,620,960,2.75,£7-10
1919,573,405,300,0.76,£6-7
1920,208,105,540,1.6,£5-7
1921,330,98,840,2.06,£6-9
1922,98,116,600,1.21,£5-7
1923,480,503,360,0.92,£5-6
1924,173,579,960,1.97,£6-9
1925,101,78,540,1.19,£5-6
1926,762,53,780,1.54,£6-8
1927,306,194,1380,3.37,£9-12
1928,214,462,660,1.63,£5-7
1929,319,52,240,0.57,£5-6
1930,354,243,780,1.72,£6-8
1931,239,29,1140,3.17,£8-11
1932,132,253,480,1.19,£5-6
1933,341,19,900,1.87,£6-8
1934,641,654,480,1.57,£5-7
1935,392,191,420,1.41,£7-9
1936,803,214,1200,2.66,£8-11
1937,340,140,360,0.68,£5-6
1938,818,101,840,1.48,£6-8
1939,321,194,300,0.87,£5-6
1940,341,104,1200,2.57,£8-10
1941,609,618,960,2.55,£7-10
1942,360,220,600,1.49,£5-7
1943,66,365,540,1.2,£5-6
1944,248,186,480,1.3,£5-6
1945,300,138,420,1.38,£5-6
1946,457,544,1020,2.91,£8-10
1947,270,117,240,0.79,£5-6
1948,557,531,1200,3.22,£8-11
1949,801,154,480,1.07,£5-6
1950,712,552,480,1.43,£5-7
1951,294,683,840,2.91,£7-10
1952,135,325,1320,2.55,£8-11
1953,84,798,720,1.33,£5-7
1954,545,99,900,2.51,£7-9
1955,445,78,720,1.9,£6-8
1956,57,184,720,1.57,£5-8
1957,24,12,600,1.36,£5-7
1958,307,248,480,1.25,£6-8
1959,702,470,720,2.45,£6-9
1960,573,186,1140,3.32,£13-17
1961,764,665,480,1.48,£6-8
1962,496,692,480,2.43,£6-8
1963,134,552,540,0.98,£5-6
1964,578,503,360,0.96,£5-6
1965,47,404,720,2.24,£6-9
1966,351,377,960,2.38,£10-13
1967,9,272,480,0.97,£5-6
1968,247,191,1020,2.53,£7-10
1969,542,513,420,1.12,£5-6
1970,55,73,360,0.84,£6-7
1971,275,39,480,1.11,£6-8
1972,92,270,720,1.88,£7-10
1973,460,722,600,1.73,£5-7
1974,67,717,960,2.36,£7-9
1975,42,52,360,0.94,£6-7
1976,339,23,660,1.32,£7-9
1977,362,34,240,0.76,£5-6
1978,222,428,420,1.43,£7-9
1979,225,650,480,1.17,£6-8
1980,17,427,540,1.32,£6-8
1981,380,18,960,2.25,£9-12
1982,30,703,720,1.71,£7-10
1983,745,37,480,1.51,£7-9
1984,368,191,240,0.44,£7-9
1985,190,124,420,1.01,£5-6
1986,358,357,600,0.93,£5-6
1987,646,213,420,1.05,£6-8
1988,15,281,1080,2.5,£7-10
1989,248,515,900,4.18,£12-17
1990,465,763,1020,3.04,£8-11
1991,410,56,600,1.55,£5-7
1992,537,486,300,0.76,£5-6
1993,158,142,300,0.83,£7-9
1994,622,601,420,1.62,£5-7
1995,65,26,480,0.94,£6-7
1996,262,762,720,1.59,£7-9
1997,298,193,780,1.62,£6-8
1998,178,733,540,1.57,£5-7
1999,687,707,300,0.67,£5-6
2000,195,298,780,1.84,£6-8
2001,46,251,600,1.37,£5-7
2002,733,167,420,1.13,£7-8
2003,114,72,1080,2.73,£9-12
2004,661,186,660,1.61,£5-7
2005,12,47,960,2.85,£7-10
2006,459,787,540,1.79,£5-7
2007,154,360,600,1.54,£5-7
2008,214,13,480,0.76,£5-6
2009,163,729,900,2.46,£10-14
2010,519,476,780,2.84,£7-10
2011,449,74,1680,5.24,£12-16
2012,755,405,300,0.79,£7-8
2013,802,409,600,1.76,£5-7
2014,332,662,660,1.93,£8-11
2015,177,583,360,0.92,£6-7
2016,356,386,1260,2.46,£12-16
2017,481,453,840,3.43,£8-11
2018,60,47,300,0.65,£5-6
2019,730,655,600,1.37,£5-7
2020,698,119,600,1.68,£5-7
2021,441,221,420,0.72,£5-6
2022,130,134,300,0.62,£5-6
2023,541,190,600,1.78,£7-9
2024,154,278,1020,2.46,£7-10
2025,724,768,420,1.21,£5-6
2026,787,786,240,0.16,£5-6
2027,71,381,1080,1.97,£7-9
2028,246,154,900,2.22,£9-12
2029,144,283,900,2.39,£7-9
2030,626,392,720,1.83,£6-8
2031,569,194,960,2.24,£7-9
2032,695,748,480,1.51,£6-9
2033,271,76,300,1.23,£5-6
2034,666,432,780,1.9,£6-8
2035,260,592,1080,2.76,£9-12
2036,262,388,720,1.59,£7-10
2037,798,148,1980,4.3,£14-18
2038,114,762,1380,3.14,£11-15
2039,233,141,720,1.28,£6-8
2040,483,501,540,0.96,£5-6
2041,132,483,840,1.82,£6-8
2042,399,553,480,1.49,£5-7
2043,510,200,600,2.31,£6-8